Date,Home,Away,Home_Win_Prob,Confidence,Diff_NetRtg,Diff_Injury,Diff_Streak,Home_Injuries,Away_Injuries
2025-12-03,CLE,POR,0.81,🟢 High (Home),5.37,-0.02,3,Jarrett Allen(13.4); Lonzo Ball(5.9); Darius Garland(10.4); Sam Merrill(10.1); Larry Nance Jr.(2.5); Max Strus(5.0),Donovan Clingan(12.1); Scoot Henderson(5.0); Jrue Holiday(15.2); Damian Lillard(5.0); Matisse Thybulle(6.2); Blake Wesley(5.4)
2025-12-03,IND,DEN,0.18,🔴 High (Away),-18.18,0.19,0,Johnny Furphy(1.5); Tyrese Haliburton(5.0); Quenton Jackson(10.9); Kam Jones(5.0); Aaron Nesmith(10.1); Obi Toppin(9.2),Christian Braun(9.6); Aaron Gordon(14.8); Julian Strawther(1.9)
2025-12-03,ORL,SAS,0.55,Toss-up,-1.27,-0.24,4,Paolo Banchero(16.7); Moritz Wagner(5.0),Stephon Castle(14.7); Jordan McLaughlin(3.4); Victor Wembanyama(22.6)
2025-12-03,ATL,LAC,0.61,Toss-up,8.3,0.07,4,Kristaps Porziņģis(15.8); Jacob Toppin(1.3); Trae Young(13.8),Bradley Beal(3.2); Bogdan Bogdanović(6.4); Derrick Jones Jr.(8.7); Jordan Miller(6.9)
2025-12-03,NYK,CHO,0.94,🟢 High (Home),10.95,-0.12,5,OG Anunoby(12.8); Landry Shamet(7.1),Pat Connaughton(3.8); Josh Green(5.0); Tre Mann(4.7); Brandon Miller(10.9); Grant Williams(5.0)
2025-12-03,CHI,BRK,0.81,🟢 High (Home),8.26,0.17,-5,Zach Collins(5.0); Isaac Okoro(5.7); Jalen Smith(8.3); Dalen Terry(2.4); Coby White(17.0),Haywood Highsmith(5.0); Terance Mann(7.6); Cam Thomas(12.4)
2025-12-03,HOU,SAC,0.72,🟢 High (Home),22.46,-0.07,2,Tari Eason(9.1); Dorian Finney-Smith(5.0); Fred VanVleet(5.0),Domantas Sabonis(14.9); Dennis Schröder(9.8)
2025-12-03,MIL,DET,0.3,🔴 High (Away),-8.05,-0.11,-3,Gary Harris(3.0); Taurean Prince(4.1),Bobi Klintman(1.1); Duncan Robinson(9.5); Marcus Sasser(5.0)
2025-12-03,DAL,MIA,0.3,🔴 High (Away),-10.29,0.2,1,Dante Exum(5.0); Kyrie Irving(5.0); Dereck Lively II(5.7); P.J. Washington(11.3),Keshad Johnson(2.9); Pelle Larsson(8.0)
